<?xml version="1.0" encoding="UTF-8"?><rss xmlns:dc="http://purl.org/dc/elements/1.1/" xmlns:content="http://purl.org/rss/1.0/modules/content/" xmlns:atom="http://www.w3.org/2005/Atom" version="2.0">
    <channel>
        <title><![CDATA[Lentera Inovasi]]></title>
        <description><![CDATA[Lentera Inovasi]]></description>
        <link>https://next-wordpress-starter.spacejelly.dev</link>
        <generator>RSS for Node</generator>
        <lastBuildDate>Mon, 15 May 2023 05:00:09 GMT</lastBuildDate>
        <atom:link href="https://next-wordpress-starter.spacejelly.dev/feed.xml" rel="self" type="application/rss+xml"/>
        <pubDate>Mon, 15 May 2023 05:00:09 GMT</pubDate>
        <copyright><![CDATA[2023 Lentera Inovasi]]></copyright>
        <language><![CDATA[id]]></language>
        <item>
            <title><![CDATA[Lorem Ipsum]]></title>
            <description><![CDATA[Where does it come from? Contrary to popular belief, Lorem Ipsum is not simply random text. It has roots in a piece of classical Latin literature from 45 BC, making &#8230;
]]></description>
            <link>https://next-wordpress-starter.spacejelly.dev/posts/lorem-ipsum</link>
            <guid isPermaLink="false">https://next-wordpress-starter.spacejelly.dev/posts/lorem-ipsum</guid>
            <category><![CDATA[Tak Berkategori]]></category>
            <dc:creator><![CDATA[lenterainovasi]]></dc:creator>
            <pubDate>Sat, 06 May 2023 21:54:36 GMT</pubDate>
        </item>
        <item>
            <title><![CDATA[Halo dunia!]]></title>
            <description><![CDATA[Selamt datang di WordPress. Ini adalah pos pertama Anda. Sunting atau hapus, kemudian mulai menulis!
]]></description>
            <link>https://next-wordpress-starter.spacejelly.dev/posts/halo-dunia</link>
            <guid isPermaLink="false">https://next-wordpress-starter.spacejelly.dev/posts/halo-dunia</guid>
            <category><![CDATA[Tak Berkategori]]></category>
            <dc:creator><![CDATA[lenterainovasi]]></dc:creator>
            <pubDate>Fri, 24 Mar 2023 16:20:02 GMT</pubDate>
        </item>
    </channel>
</rss>